Nazwa punktu,Lokalizacja,Współżędne,Link,Zdjęcia,Opis,Historia
Rzeźba Łuczniczki,"Aleje Adama Mickiewicza, 85-980 Bydgoszcz","53.13087415858469, 18.01210789931161",https://maps.app.goo.gl/BoEQuyesLV4U5sqC9,https://visitbydgoszcz.pl/images/com_adsmanager/ads//media/photos/15782/xl.jpg,"Posąg „Łuczniczki” autorstwa Ferdynanda Lepckego, przedstawiający piękną sportsmenkę, trafił do Bydgoszczy w 1910 roku dzięki bankierowi Louisowi Aronshonowi. Wystawiony wcześniej w Berlinie i Monachium, zyskał pozytywne recenzje, a po pokazaniu jego miniatury w Bydgoszczy, zdecydowano się na zakup oryginału. Początkowo wzbudzał kontrowersje, jednak po próbach jego usunięcia, w 1960 roku został przeniesiony do parku im. Jana Kochanowskiego, gdzie stoi do dziś jako symbol miasta.",https://visitbydgoszcz.pl/pl/miejsca/87-rzezby-i-pomniki/661-rzezba-luczniczki
Mistrz Twardowski,"Stary Rynek 17, 85-105 Bydgoszcz","53.12203887867869, 18.001171669467098",https://maps.app.goo.gl/UiAT7QFEH37C2tHm9,https://visitbydgoszcz.pl/images/com_adsmanager/ads//media/photos/66/xl.jpg,"Codziennie o 13:13 i 21:13 z okna kamienicy przy Starym Rynku 15 wyłania się postać Mistrza Twardowskiego, znana z bydgoskich legend. W 1560 roku odwiedził miasto, gdzie na zaproszenie burmistrza obdarował mieszczki młodością. Legenda głosi, że przybył na kogucie lub krześle i zamieszkał w gospodzie „Zgorzelec”. W 1910 r. w miejscu jego pobytu wybudowano nowoczesny dom handlowy, który po wojnie został zniszczony, a w jego miejscu powstała nowa kamienica.",https://visitbydgoszcz.pl/pl/miejsca/87-rzezby-i-pomniki/660-mistrz-twardowski
"Wioślarz ""Na mecie""","Mennica 1, 85-112 Bydgoszcz","53.12216192422999, 17.997876297018635",https://maps.app.goo.gl/ZyS2H3eLgH3ax4347,https://visitbydgoszcz.pl/images/com_adsmanager/ads//media/photos/38629/xl.jpg,"Rzeźba Jerzego Kędziory „Na mecie”, przedstawiająca wioślarza w dynamicznej pozie, na stałe zagościła nad bydgoską Młynówką. Początkowo była częścią wystawy „Uniesienie” w 2024 roku, a po entuzjastycznym odbiorze przez mieszkańców i decyzji władz miasta, pozostaje w Bydgoszczy. Jej lokalizacja nawiązuje do silnych tradycji wioślarskich miasta.",https://visitbydgoszcz.pl/pl/miejsca/87-rzezby-i-pomniki/1275-wioslarz-na-mecie
Oko,"Garbary, 85-229 Bydgoszcz","53.126140502230754, 17.992131111961243",https://maps.app.goo.gl/qvapSPC4u9Bhe5gU6,https://visitbydgoszcz.pl/images/com_adsmanager/ads//media/photos/38630/xl.jpg,"Rzeźba symbolizująca oko, autorstwa Piotra Wesołowskiego, upamiętnia prof. Józefa Kałużnego, wybitnego okulistę, który przez ponad 40 lat przeprowadził 20 tysięcy operacji. Instalacja, wykonana z kortenu, przedstawia strukturę oka i proces widzenia, oddając hołd jego pasji i pracy. Została wyłoniona w konkursie, a materiał zyskuje odporność na warunki atmosferyczne dzięki naturalnej patynie.",https://visitbydgoszcz.pl/pl/miejsca/87-rzezby-i-pomniki/1274-oko
Wikliniarka,"Grodzka 12, 85-109 Bydgoszcz","53.12246257223853, 18.001439617054146",https://maps.app.goo.gl/VkZRxo3pE6eYccuy7,https://visitbydgoszcz.pl/images/com_adsmanager/ads//media/photos/38628/xl.jpg,"Rzeźba „Wikliniarka” autorstwa Jerzego Kędziory, znanego z balansujących postaci, znajduje się nad ulicą Jatki w Bydgoszczy. Przedstawia kobietę tworzącą plecionkę w kształcie słońca z wikliny, siedzącą na wiklinowym siedzisku zawieszonym między budynkami. Dzieło nawiązuje do historii tego miejsca, gdzie dawniej kobiety wyplatały wiklinowe kosze. Kędziora stworzył rzeźbę specjalnie dla tej lokalizacji, a początkowo miała ona nosić nazwę „Koszykarka”.",https://visitbydgoszcz.pl/pl/miejsca/87-rzezby-i-pomniki/1273-wikliniarka
Zegar z czasem bydgoskim,"Stary Rynek 7/1, 85-105 Bydgoszcz","53.12232815542127, 18.000049026676564",https://maps.app.goo.gl/vPJEuULCB3MZJrfw7,https://visitbydgoszcz.pl/images/com_adsmanager/ads//media/photos/19545/xl.jpg,"Zegar na Starym Rynku w Bydgoszczy odmierza czas środkowoeuropejski oraz bydgoski. Czas bydgoski, o 12 minut wcześniejszy od środkowoeuropejskiego, jest zgodny z położeniem geograficznym miasta, przez które przebiega 18 południk. Zegar znajduje się na płycie Starego Rynku, wieńcząc podświetlaną linię południka. Jego nietypowe wskazówki zaprojektowano tak, aby przy spotkaniu tworzyły zarys jednego ze spichrzy.",https://visitbydgoszcz.pl/pl/miejsca/87-rzezby-i-pomniki/1030-zegar-z-czasem-bydgoskim
Przechodzący przez Rzekę,"Mostowa, Bydgoszcz","53.12327879538048, 18.001689032576596",https://maps.app.goo.gl/ipSz5X7egt8oXqJo8,https://visitbydgoszcz.pl/images/com_adsmanager/ads//media/photos/15780/xl.jpg,"Przechodzący przez Rzekę” to rzeźba odsłonięta w Bydgoszczy 1 maja 2004 roku z okazji wejścia Polski do UE. Zawieszona nad Brdą na linie, utrzymuje równowagę dzięki unikalnemu ustawieniu. Towarzyszy jej jaskółka, której nazwa „Schwalbe” nawiązuje do nazwiska Szwalbe – założyciela Filharmonii Pomorskiej.",https://visitbydgoszcz.pl/pl/miejsca/87-rzezby-i-pomniki/603-przechodzacy-przez-rzeke
Fontanna Potop,"85-980 Bydgoszcz, Park im. Kazimierza Wielkiego","53.12623398664973, 18.00600185750407",https://maps.app.goo.gl/gJwyAd7oNf4wvgS39,https://visitbydgoszcz.pl/images/com_adsmanager/ads//media/photos/1012/xl.jpg,"Fontanna „Potop” w parku im. Kazimierza Wielkiego w Bydgoszczy, autorstwa Ferdynanda Lepckego, została odsłonięta w 1904 r. i przedstawia biblijną scenę potopu. W centralnej części znajduje się grupa postaci, a po bokach rzeźby m.in. mężczyzna walczący z wężem i niedźwiedzica z martwym młodym. Po zniszczeniu oryginału w czasie II wojny światowej, fontannę odbudowano w 2004 r. Dzięki rekonstrukcji i renowacji, dziś jest jednym z najokazalszych wodotrysków w Polsce.",https://visitbydgoszcz.pl/pl/miejsca/87-rzezby-i-pomniki/658-fontanna-potop
Pomnik Kopernika,"Mikołaja Kopernika, 85-001 Bydgoszcz","53.128387392554785, 18.01309673373104",https://maps.app.goo.gl/1qTCGbJp7c7vveFG8,https://visitbydgoszcz.pl/images/com_adsmanager/ads//media/photos/15791/xl.jpg,"Rzeźba została stworzona podczas I Bydgoskiego Ogólnopolskiego Pleneru Rzeźbiarskiego w 1973 roku. Jej autorką była zmarła już Maria Chudoba-Wiśniewska. Metalowa konstrukcja ma 4,57 m wysokości i waży 864 kg.","https://visitbydgoszcz.pl/pl/miejsca/87-rzezby-i-pomniki/608-pomnik-kopernika

https://bydgoszcz.wyborcza.pl/bydgoszcz/7,48722,29656281,bydgoski-kopernik-skonczy-50-lat-monumentalna-rzezba-ktora.html

https://bydgoszcz.wyborcza.pl/bydgoszcz/7,48722,29656281,bydgoski-kopernik-skonczy-50-lat-monumentalna-rzezba-ktora.html"
Ławeczka Mariana Rejewskiego,"Gdańska 37, 85-005 Bydgoszcz","53.12825674190496, 18.00581456310542",https://maps.app.goo.gl/dGbnYwK6Yznoi3Qc8,https://visitbydgoszcz.pl/images/com_adsmanager/ads//media/photos/119/xl.jpg,"Marian Rejewski, bydgoski kryptolog, złamał szyfr Enigmy, co przyczyniło się do szybszego zakończenia II wojny światowej. W 2005 roku miasto uhonorowało go pomnikiem w formie ławeczki, na której można go zobaczyć siedzącego na rogu ulic Gdańskiej i Śniadeckich.",https://visitbydgoszcz.pl/pl/miejsca/87-rzezby-i-pomniki/607-laweczka-mariana-rejewskiego
Pomnik św. Jana Nepomucena,"Farna 10, Bydgoszcz","53.12318120143971, 17.999507821257087",https://maps.app.goo.gl/q1ttphAsjTjPNv5K7,https://visitbydgoszcz.pl/images/com_adsmanager/ads//media/photos/15800/xl.jpg,"W pobliżu Katedry Bydgoskiej znajduje się XVIII-wieczna rzeźba św. Jana Nepomucena, uznawana za jedną z najstarszych tego typu w północnej Polsce. Święty, znany z ochrony przed powodziami, pojawia się w dokumentach parafialnych po raz pierwszy w 1745 r. Wykonanie figury można datować na pierwsze lata po kanonizacji św. Jana w 1729 r. Początkowo była umieszczona na cmentarzu przy kościele farnym, który istniał do początków XIX wieku.",https://visitbydgoszcz.pl/pl/odkryj/co-zobaczyc/2819-nepomucen
Rzeźba Flisaka,"Wybrzeże Prezydenta Narutowicza, 85-001 Bydgoszcz","53.12356327739398, 18.001133048403496",https://maps.app.goo.gl/ZdHPAeYRNLmCZyXSA,https://visitbydgoszcz.pl/images/com_adsmanager/ads//media/photos/15793/xl.jpg,"Rzeźba Flisaka, znajdująca się przy moście Jerzego Sulimy-Kamińskiego i nadrzecznych bulwarach, nawiązuje do wodniackich tradycji Bydgoszczy. Flisacy spławiali drewno rzeką Brdą, co niegdyś było codziennością. Statua przypomina również o Ferencu Flóriánie Csáky, kartografie i inżynierze, który miał kluczowy wpływ na budowę Kanału Bydgoskiego. Pomnik, autorstwa Michała Kubiaka, został sfinansowany przez Ambasadę Węgier oraz wsparciem miasta i innych instytucji.",https://visitbydgoszcz.pl/pl/miejsca/87-rzezby-i-pomniki/949-rzezba-flisaka
Pomink Szwalbego,"Juliusza Słowackiego 7, 85-000 Bydgoszcz","53.12921641123555, 18.01043128482197",https://maps.app.goo.gl/5jrvE8RVMvkUB77v6,https://visitbydgoszcz.pl/images/com_adsmanager/ads//media/photos/15802/xl.jpg,"Posąg Andrzeja Szwalbego (1923-2002) odsłonięto w 2007 r. przed Filharmonią Pomorską, którą stworzył i przez 40 lat kierował. Szwalbe, inicjator wielu bydgoskich instytucji kulturalnych, trafił do Bydgoszczy po wojnie i był dyrektorem Filharmonii od 1951 r. Do 1991 r. aktywnie kształtował życie muzyczne miasta, organizując festiwale, konkursy oraz tworząc Akademię Muzyczną. Posąg przedstawia go z laską i aktówką, wzorowany na pamięci autora Michała Kubiaka.","https://visitbydgoszcz.pl/pl/miejsca/87-rzezby-i-pomniki/593-pomnik-szwalbego

https://www.turystyka.bydgoszcz.pl/art/73/pomnik-andrzeja-szwalbe.html"
Pomnik Leona Barciszewskiego,"Poznańska 2, 85-129 Bydgoszcz","53.12099788566524, 17.995781616178178",https://maps.app.goo.gl/UHdbCqg8Diu1qcjm7,https://visitbydgoszcz.pl/images/com_adsmanager/ads//media/photos/15803/xl.jpg,"Pomnik Leona Barciszewskiego, prezydenta Bydgoszczy w latach 1932-1939, odsłonięto 11 listopada 1989 r. na skwerze przy ul. Mostowej, a w 2009 r. przeniesiono go na Wełniany Rynek. Barciszewski, zamordowany przez hitlerowców 11 listopada 1939 r., był cenionym samorządowcem, który znacząco wpłynął na rozwój miasta, m.in. zmniejszając bezrobocie i wspierając budownictwo. Po wybuchu wojny wrócił do Bydgoszczy, został aresztowany przez gestapo i rozstrzelany wraz z synem.","https://visitbydgoszcz.pl/pl/miejsca/87-rzezby-i-pomniki/230-pomnik-leona-barciszewskiego

https://www.turystyka.bydgoszcz.pl/art/76/pomnik-leona-barciszewskiego.html"
Pomnik Marii Konopnickiej,"Marii Konopnickiej, 85-124 Bydgoszcz","53.112256573119694, 17.998465232874448",https://maps.app.goo.gl/2jJdDDtyC8fZKwRW6,https://visitbydgoszcz.pl/images/com_adsmanager/ads//media/photos/473/xl.jpg,Metalowy pomnik Marii Konopnickiej w otoczeniu dzieci. Figura znajduje się na Szwederowie przy ulicy Marii Konopnickiej. Autorem rzeźby jest Krystyna Panasik.,"https://visitbydgoszcz.pl/pl/miejsca/87-rzezby-i-pomniki/224-pomnik-marii-konopnickiej

https://szwederowo.brda.net/maria-konopnicka/"
Cztery Pory Roku,"aleja Powstańców Wielkopolskich, 85-090 Bydgoszcz","53.130571740670995, 18.016281168486604",https://maps.app.goo.gl/xvzLJY8hq6fv18SL6,https://visitbydgoszcz.pl/images/com_adsmanager/ads//media/photos/1213/xl.jpg,"Kamienne rzeźby dzieci symbolizujące cztery pory roku, wykonane w latach 30. XX w. przez Bogusława Kłobuckiego, stały w dzisiejszym Ogrodzie Botanicznym ponad 40 lat. W latach 90. zaginęły. – Nie wiemy, co się z nimi stało – mówi Małgorzata Jendryczka. – Mogły zostać zniszczone lub skradzione. Zniknęły, zanim ogród trafił w struktury UKW, który opiekuje się nim dopiero od 1999 r.","https://visitbydgoszcz.pl/pl/miejsca/87-rzezby-i-pomniki/227-cztery-pory-roku

https://ogrod.ukw.edu.pl/jednostka/ogrod_botaniczny/galeria_pory_roku/58961"
Wielkie Krzesła na Wyspie Młyńskiej,"Mennica 7, 85-001 Bydgoszcz","53.1217815569241, 17.994869583582897",https://maps.app.goo.gl/thwuBCwbfjYmrGCF9,https://visitbydgoszcz.pl/images/com_adsmanager/ads//media/photos/1459/xl.jpg,"Instalacja na Wyspie Młyńskiej według idei Wacława Kuczmy, zrealizowana w ramach Mobilnego Muzeum.",https://visitbydgoszcz.pl/pl/miejsca/87-rzezby-i-pomniki/226-wielkie-krzesla-na-wyspie-mlyn
Kazimierz Wielki,"Trybunalska 2, 85-105 Bydgoszcz","53.12046478856647, 17.99869952595854",https://maps.app.goo.gl/KPQmPqFhV1gPbsX79,https://visitbydgoszcz.pl/images/com_adsmanager/ads//media/photos/417/xl.jpg,"Rzeźba przedstawia Kazimierza Wielkiego w zbroi, siedzącego na koniu. W prawej ręce trzyma berło, w lewej zwój symbolizujący akt lokacyjny Bydgoszczy. Twarz monarchy, inspirowana portretem Matejki, ukazuje dostojeństwo i powagę. Korona, berło i ostrogi odwzorowują insygnia znalezione w jego sarkofagu w 1869 r. Brązowa figura stoi na granitowym cokole ważącym 20 ton.","https://visitbydgoszcz.pl/pl/miejsca/87-rzezby-i-pomniki/606-kazimierz-wielki

https://www.nocowanie.pl/pomnik_kazimierza_wielkiego_w_bydgoszczy,223033.html

"
Brama z Luster,"Mazowiecka 5, 85-084 Bydgoszcz","53.1326210245863, 18.00464529053676",https://maps.app.goo.gl/DYx5xvagHKNccRAK8,https://visitbydgoszcz.pl/images/com_adsmanager/ads//media/photos/441/xl.jpg,Instalacja Joanny Rajkowskiej składa się z 700 kg luster tworzących mozaikę w przejściu na podwórze kamienicy,"https://visitbydgoszcz.pl/pl/miejsca/87-rzezby-i-pomniki/588-brama-z-luster

https://bydgoszcz.eska.pl/bydgoszczanka-w-stolicy-stworzyla-palme-a-w-bydgoszczy-brame-z-luster-jak-po-latach-wyglada-ta-instalacja-10-07-aa-Kygj-i54J-S22f.html"
Bydgoskie Autografy,"Długa 41, 85-105 Bydgoszcz","53.12088880096458, 18.00044005062702",https://maps.app.goo.gl/vuh6izBgzEb5q4276,https://visitbydgoszcz.pl/images/com_adsmanager/ads//media/photos/134/xl.jpg,Zbiór płaskorzeźb w nawierzchni ul. Długiej między ul. Kazimierza a Batorego przedstawia granitowe podpisy zasłużonych dla Bydgoszczy. Pierwszy odsłonięto w 2007 r.,"https://www.bydgoszcz.pl/miasto/wyroznienia-i-nagrody/bydgoskie-autografy/

https://visitbydgoszcz.pl/pl/miejsca/87-rzezby-i-pomniki/590-bydgoskie-autografy"
Pomnik Wioseł,Pomnik Wioseł,"53.19466205798267, 17.968898191667098",https://maps.app.goo.gl/UdS9rjVccK4TT6KHA,https://visitbydgoszcz.pl/images/com_adsmanager/ads//media/photos/123/xl.jpg,"W Smukale stoi pomnik w kształcie kajaka, upamiętniający spływy Karola Wojtyły rzeką Brdą w 1953 i 1966 roku. Na wiosłach znajdują się inskrypcje przypominające pobyt Jana Pawła II w Bydgoszczy oraz wyrażające hołd od lokalnych stowarzyszeń i sympatyków szkoły jego imienia.","https://visitbydgoszcz.pl/pl/miejsca/87-rzezby-i-pomniki/604-pomnik-wiosel

https://www.parafiaoplawiec.pl/pomnik-kajak-upamietniajacy-splywy-kajakowe-karola-wojtyly.html


"
Łuczniczka Nova,"Marszałka Focha 28, 85-070 Bydgoszcz","53.12462872006533, 17.998581786386858",https://maps.app.goo.gl/A4AFcdCywgMmRRza7,https://visitbydgoszcz.pl/images/com_adsmanager/ads//media/photos/132/xl.jpg,"Łuczniczka Nova, odsłonięta z okazji 667. urodzin Bydgoszczy, jest dziełem toruńskiego artysty Macieja Jagodzińskiego-Jagenmeera, inspirowanym rzeźbą Lepckiego. Dynamiczna i zmysłowa figura z brązu waży 200 kg, mierzy 3 m z postumentem i pokryta jest lśniącym chromem. Choć nowa, szybko stanie się rozpoznawalnym symbolem miasta wokół Wyspy Młyńskiej.","https://visitbydgoszcz.pl/pl/miejsca/87-rzezby-i-pomniki/592-luczniczka-nova

https://www.radiopik.pl/6,1281,nova-luczniczka-w-bydgoszczy"
18. Południk,"Mennica 4, 85-112 Bydgoszcz","53.12311511414246, 17.997546498664043",https://maps.app.goo.gl/zcV7duHqT9UEoS5aA,https://visitbydgoszcz.pl/images/com_adsmanager/ads//media/photos/122/xl.jpg,"18 południk wschodni przebiega m.in. przez Bydgoszcz, Dubrovnik, Sztokholm i Kapsztad, pomagając kartografom w tworzeniu map płaskich. W Bydgoszczy najłatwiej go znaleźć przy Hotelu Ratuszowym, gdzie Bractwo 18. południka postawiło tablicę.",https://visitbydgoszcz.pl/pl/miejsca/87-rzezby-i-pomniki/605-18-poludnik
Spodnie Andrzeja,"plac Wolności 3, 85-004 Bydgoszcz","53.12741186533115, 18.00565660003422",https://maps.app.goo.gl/1QkkzdRPHBzoM7Kg7,https://visitbydgoszcz.pl/images/com_adsmanager/ads//media/photos/15792/xl.jpg,"Rzeźba Piotra Wagnera przy pl. Wolności 3 upamiętnia grafika i malarza Andrzeja Nowackiego, który tu mieszkał i pracował przez 50 lat. Realistyczne dżinsy nawiązują do jego słynnego cyklu „Udżinsowieni”.","https://visitbydgoszcz.pl/pl/miejsca/87-rzezby-i-pomniki/609-spodnie-andrzeja

"
Pomnik Tysiąclecia Państwa Polskiego,"skwer Leszka Białego u zbiegu ul. Staszica i Markwarta, 85-000 Bydgoszcz","53.12718623673614, 18.011935116082693",https://maps.app.goo.gl/P2S38mrGM2MzHXaK6,https://visitbydgoszcz.pl/images/com_adsmanager/ads//media/photos/116/xl.jpg,"Pomnik Tysiąclecia Państwa Polskiego autorstwa Stanisława Lejkowskiego w 2010 r. stał się częścią projektu Urban Vision Quest Ośrodka Działań Kulturowych, z udziałem artystów: Bartka Świąteckiego, Adama Cieślaka, Grupy Twożywo i Julii Curyło.",https://visitbydgoszcz.pl/pl/miejsca/87-rzezby-i-pomniki/610-pomnik-tysiaclecia-panstwa-pol
Pomnik Walki i Męczeństwa,"Stary Rynek, 85-105 Bydgoszcz","53.12213617512731, 17.99990312740357",https://maps.app.goo.gl/Zjsam8g1WJvANyVM7,https://visitbydgoszcz.pl/images/com_adsmanager/ads//media/photos/125/xl.jpg,"Pomnik ukazuje grupę osób symbolizujących męczeństwo i walkę, wyrażając ból oraz sprzeciw wobec tyranii i ludobójstwa. Brązowa rzeźba ma 7,5 m wysokości, waży ponad 12 ton i stoi na granitowym cokole. Do 2007 r. tłem był 26-metrowy szaniec z 80 piaskowymi blokami z nazwami miejscowości związanych z martyrologią regionu. Wkomponowano w niego stały znicz gazowy, a odlew wykonano w Gliwickiej Fabryce Urządzeń Technicznych.","https://visitbydgoszcz.pl/pl/miejsca/87-rzezby-i-pomniki/601-pomnik-walki-i-meczenstwa

https://www.turystyka.bydgoszcz.pl/art/72/pomnik-walki-i-meczenstwa-ziemi-bydgoskiej.html"
Pomnik Nieznanego Powstańca Wielkopolskiego ,"Bernardyńska 4/8, 85-116 Bydgoszcz","53.12071783055851, 18.006624286092954",https://maps.app.goo.gl/EmfvjZkpCeqNtQRc7,https://visitbydgoszcz.pl/images/com_adsmanager/ads//media/photos/126/xl.jpg,"Pomnik wykonany z brązu przedstawia postać rannego powstańca w pozycji leżącej. Figura znajduje się w miejscu pamięci z płytą nagrobną, zniczem, obeliskiem z tablicą pamiątkową oraz alejkami.","https://visitbydgoszcz.pl/pl/miejsca/87-rzezby-i-pomniki/600-pomnik-nieznanego-powstanca-wi

https://turystykabezfiltrow.com/aktualnosci/pomnik-powstanca-wielkopolskiego/
"
Trzy Gracje,"Stary Port 1, 85-068 Bydgoszcz","53.12325484633157, 18.002629990226147",https://maps.app.goo.gl/o9f56GJP6UbwAuxw9,https://visitbydgoszcz.pl/images/com_adsmanager/ads//media/photos/15795/xl.jpg,"Rzeźba Jerzego Buczkowskiego z brązu, odsłonięta w 1989 r. po modernizacji bulwarów nad Brdą, przedstawia trzy kobiety – Gracje, greckie boginie wdzięku i radości.","https://visitbydgoszcz.pl/pl/miejsca/87-rzezby-i-pomniki/598-trzy-gracje

https://www.turystyka.bydgoszcz.pl/art/77/trzy-gracje.html


https://bydgoszcz.naszemiasto.pl/pomnik-trzy-gracje-w-bydgoszczy-wyjasniamy-co-oznacza-jeden-z-symboli-miasta/ar/c7p2-27115611
"
Pomnik Wincentego Witosa,"Jagiellońska, 85-097 Bydgoszcz","53.12377944179612, 18.012656937997956",https://maps.app.goo.gl/x8nib6y6DWXysCen8,https://visitbydgoszcz.pl/images/com_adsmanager/ads//media/photos/1481/xl.jpg,Popiersie Wincentego Witosa w Bydgoszczy zostało odsłonięte jako hołd dla wybitnego polskiego polityka i trzykrotnego premiera RP. Wykonane z brązu przedstawia realistyczny wizerunek Witosa.,"https://visitbydgoszcz.pl/pl/miejsca/89-parki-i-pomniki-przyrody/542-park-im-w-witosa

https://visitbydgoszcz.pl/pl/miejsca/87-rzezby-i-pomniki/46-pomnik-wincentego-witosa
https://bydgoszcz.tvp.pl/83256172/obchody-rocznica-smierci-wincentego-witosa-bydgoszcz

"
Pomnik Poległych,85-790 Bydgoszcz,"53.14938691342918, 18.1740222945883",https://maps.app.goo.gl/a8ZZ4uzaHocLpFZ37,https://visitbydgoszcz.pl/images/com_adsmanager/ads//media/photos/34172/xl.jpg,Pomnik ku czci poległych i pomordowanych mieszkańców Fordonu w latach 1939-1945.,"https://visitbydgoszcz.pl/pl/miejsca/87-rzezby-i-pomniki/19-pomnik-poleglych-stary-fordon

https://bydgoszcz.tvp.pl/55383409/pomnik-stary-fordon-przenoszenie"
Pomnik Henryka Sienkiewicza,"Juliusza Słowackiego, 85-000 Bydgoszcz","53.1341059302478, 18.011392393548558",https://maps.app.goo.gl/tkntJTFFfY9yGDp56,https://visitbydgoszcz.pl/images/com_adsmanager/ads//media/photos/1518/xl.jpg,"Pomnik zlokalizowany w Bydgoszczy, ku czci Henryka Sienkiewicza. Odsłonięty w 1927 r. był pierwszym w Polsce pomnikiem ku czci pisarza, po zniszczeniu w czasie II wojny światowej został odbudowany w innej formie w 1968 r.","https://visitbydgoszcz.pl/pl/miejsca/87-rzezby-i-pomniki/20-pomnik-henryka-sienkiewicza

https://turystykabezfiltrow.com/aktualnosci/pomnik-henryka-sienkiewicza-bydgoszcz/"
Pomnik Ignacego Jana Paderewskiego,"Juliusza Słowackiego, 85-001 Bydgoszcz","53.12907514986195, 18.010225778295382",https://maps.app.goo.gl/JY29FwNqC4nB6uwh6,https://visitbydgoszcz.pl/images/com_adsmanager/ads//media/photos/1517/xl.jpg,"Rzeźba Ignacego Jana Paderewskiego (1973–1975) przed bydgoską Filharmonią Pomorską autorstwa J. Makowskiego przedstawia kompozytora w pozycji siedzącej, pochylonej do przodu, z dłońmi opartymi na lewym udzie. ",https://filharmonia.bydgoszcz.pl/galeria/ignacy-jan-paderewski-1973-1975/?utm_source=chatgpt.com
Pomnik Jana Sebastiana Bacha,"Ignacego Paderewskiego 2, 85-075 Bydgoszcz","53.129651457259435, 18.01236283561992",https://maps.app.goo.gl/ecBbWEXUxCYNTvii7,https://visitbydgoszcz.pl/images/com_adsmanager/ads//media/photos/1491/xl.jpg,"Popiersie Johanna Sebastiana Bacha (1977) przedstawia kompozytora i organistę, ustawione na cokole z napisem „BACH”. Wizerunek nawiązuje do portretu Haussmanna z 1746 r., ukazując krępą sylwetkę, okrągłą twarz, charakterystyczną perukę i żabot spięty pod brodą.",https://filharmonia.bydgoszcz.pl/galeria/jan-sebastian-bach-1977/
Pomnik Claude'a Debussy,"Ignacego Paderewskiego 2, Bydgoszcz","53.129745661491825, 18.012489550602478",https://maps.app.goo.gl/EA5DPh8p3zc8maa87,https://visitbydgoszcz.pl/images/com_adsmanager/ads//media/photos/1490/xl.jpg,"Popiersie Claude’a Debussy’ego (1977) autorstwa A. Kastena przedstawia kompozytora z zamkniętymi oczami, w zamyśleniu, ustawionego na wysokim postumencie z napisem „CLAUDE/DEBUSSY”. Zarys torsu i głowy podkreśla elegancję artysty – starannie przyciętą brodę, klapy marynarki i muchę. Rzeźba nawiązuje do jego twórczości inspirowanej poezją, malarstwem i orientem.",https://filharmonia.bydgoszcz.pl/galeria/claude-debussy-1977/
Pomnik Ludomira Różyckiego,"20 Stycznia 1920 Roku 9, Bydgoszcz","53.13040807995501, 18.012114738783936",https://maps.app.goo.gl/65Qy1BEEFmiyyNE7A,https://visitbydgoszcz.pl/images/com_adsmanager/ads//media/photos/1489/xl.jpg,"Rzeźba T. Łodziany przedstawia Ludomira Różyckiego (1883–1953) w eleganckim garniturze, z klapami marynarki i krawatem, na podstawie materiałów archiwalnych po 1945 r. Kompozytor studiował w Warszawie i Berlinie, debiutował w 1904 r., a jego balety, m.in. „Pan Twardowski” i „Apollo i Dziewczyna”, przyniosły mu uznanie w kraju i za granicą. Po wojnie wykładał w Państwowej Wyższej Szkole Muzycznej w Katowicach i rekonstruował zniszczone partytury.",https://filharmonia.bydgoszcz.pl/galeria/ludomir-rozycki-1979-1980/
Pomnik Mieczysława Karłowicza,"Juliusza Słowackiego 7, 85-000 Bydgoszcz","53.12920135229534, 18.011426375778218",https://maps.app.goo.gl/7GSp16LnAfyfNUcbA,https://visitbydgoszcz.pl/images/com_adsmanager/ads//media/photos/1487/xl.jpg,"Rzeźba Mieczysława Karłowicza (1876–1909) w Filharmonii Pomorskiej jest drugim wizerunkiem kompozytora w kolekcji. Wykonana przez Henryka Rasmusa, artystę znanego z pomników i rzeźb plenerowych, cała postać ustawiona jest na cokole i dodatkowych stopniach. Prawa noga jest prosta, lewa zgięta i oparta na wyższym stopniu, lewa ręka spoczywa na udzie, prawa w kieszeni. Stopnie symbolizują pasję wspinaczkową kompozytora. Na cokole widnieje napis: MIECZYSŁAW KARŁOWICZ.",https://filharmonia.bydgoszcz.pl/galeria/mieczyslaw-karlowicz-1976/
Pomnik Antonina Dvoraka,"20 Stycznia 1920 Roku 3, 85-000 Bydgoszcz","53.13007345894861, 18.010554584661776",https://maps.app.goo.gl/5TmvS34LMKGwTq2RA,https://visitbydgoszcz.pl/images/com_adsmanager/ads//media/photos/1484/xl.jpg,"Popiersie czeskiego kompozytora Antonína Dvořáka (1841–1904) ustawione na cokole z napisem „DVOŘÁK” przedstawia realistyczny portret autora Humoresek op. 101. W. Marciniak, znany toruński rzeźbiarz i medalier, zadbał o detale stroju – muchę i szerokie klapy marynarki. Głowa kompozytora jest delikatnie uniesiona i zwrócona w lewą stronę.",https://filharmonia.bydgoszcz.pl/galeria/antonin-dvorak-1977/
Pomnik Karola Kurpińskiego,"20 Stycznia 1920 Roku 3, 85-000 Bydgoszcz","53.12971903245119, 18.01083306792609",https://maps.app.goo.gl/x2z2NKGEjoM4EQJJ6,https://visitbydgoszcz.pl/images/com_adsmanager/ads//media/photos/1483/xl.jpg,"Popiersie Karola Kurpińskiego (1785–1857) autorstwa Eweliny Szczech-Siwickiej i Henryka Siwickiego przedstawia kompozytora w pozycji siedzącej na cokole z napisem „KAROL KURPIŃSKI”. Prawa noga wysunięta do przodu, sylwetka skierowana w lewo, głowa w prawo, co nadaje dynamiki. Cokół ozdobiono płaskorzeźbami nawiązującymi do mitologii słowiańskiej, a detale stroju i uczesania z początku XIX w. oddają charakter epoki.",https://filharmonia.bydgoszcz.pl/galeria/karol-kurpinski-1977/
Zaraz Zagramy,"Juliusza Słowackiego 1, 85-008 Bydgoszcz","53.13014265588566, 18.008269930695022",https://maps.app.goo.gl/UbLBKwQvrsxBh1Gs8,https://visitbydgoszcz.pl/images/com_adsmanager/ads//media/photos/1212/xl.jpg,"W 2010 r. na zlecenie Urzędu Miasta Zbyszko Piwoński stworzył trzecią rzeźbę w pniu obumarłego kasztanowca przy ul. Słowackiego w Bydgoszczy. „Zaraz Zagramy” zrealizowana w 30 dni, ma muzyczny charakter i zachęca do odwiedzenia dzielnicy muzycznej. Przedstawia pierwsze skrzypce, altówkę, kontrabas i inne instrumenty, podkreślając obecność szkół muzycznych i Filharmonii Pomorskiej.","https://visitbydgoszcz.pl/pl/miejsca/87-rzezby-i-pomniki/596-zaraz-zagramy

https://www.czystabydgoszcz.pl/gospodarka-komunalna/obiekty-komunalne/tereny-zieleni/rzezby-w-pniach-obumarlych-drzew-w-bydgoszczy"
Obelisk gen. Henryka Dąbrowskiego,"Filarecka 23, 85-001 Bydgoszcz","53.12042428517638, 17.98789867143859",https://maps.app.goo.gl/GoVnYxLfRyTpweuJ9,https://visitbydgoszcz.pl/images/com_adsmanager/ads//media/photos/1477/xl.jpg,"12 grudnia 1995 r. na Wzgórzu Dąbrowskiego odsłonięto obelisk ku pamięci gen. Jana Henryka Dąbrowskiego, który w 1794 r. kierował stąd atakiem wyzwalającym miasto spod pruskiej niewoli. Pomnik, zaprojektowany przez Krystynę Panasik, powstał dzięki weteranom 62 Pułku Piechoty Wielkopolskiej, Radzie Osiedla Szwederowo i Kłu Miłośników Szwederowa. Uroczystość prowadzili m.in. gen. bryg. Kazimierz Wilczewski i weterani Henne i Bukolt.",https://szwederowo.brda.net/2022/09/25/nasza-historia-odsloniecie-obelisku-na-wzgorzu-dabrowskiego/
Igor Strawinski ,"Ignacego Paderewskiego 4, 85-075 Bydgoszcz","53.1302850081181, 18.012496580959468",https://maps.app.goo.gl/BUNLa4aU7wkxCKp28,https://visitbydgoszcz.pl/images/com_adsmanager/ads//media/photos/1388/xl.jpg,"Popiersie Igora Strawińskiego (1882–1971) autorstwa Barbary Zbrożyny, ustawione na wysokim postumencie z napisem „IGOR STRAWINSKY”, przedstawia rosyjskiego kompozytora, pianistę i dyrygenta. Wyróżnia się realistycznym portretem na tle zieleni, podkreślając jego rolę w sukcesie Baletów Rosyjskich i tworzeniu takich dzieł jak „Ognisty Ptak”, „Pietuszka” i „Święto wiosny”.",https://filharmonia.bydgoszcz.pl/galeria/igor-strawinski-1977/
Grażyna Bacewicz,"Juliusza Słowackiego 7, 85-000 Bydgoszcz","53.129329452842555, 18.01119346099672",https://maps.app.goo.gl/SpuayKxCtTh1LSMw6,https://visitbydgoszcz.pl/images/com_adsmanager/ads//media/photos/1390/xl.jpg,"Popiersie i całopostaciowa rzeźba Grażyny Bacewicz (1909–1969) autorstwa Eweliny Szczech-Siwickiej i Henryka Siwickiego ustawiona na cokole przed Filharmonią Pomorską przedstawia kompozytorkę i skrzypaczkę w długiej sukni, trzymającą bukiet kwiatów na wysokości klatki piersiowej. Posąg wpisuje się w zespół rzeźb muzyków – Stanisława Moniuszki i Mieczysława Karłowicza.",https://filharmonia.bydgoszcz.pl/galeria/ignacy-jan-paderewski-1973-1975/?utm_source=chatgpt.com
Pomnik Wędrowca,"Pomorska 2, 85-005 Bydgoszcz","53.12626060937885, 18.00365440426116",https://maps.app.goo.gl/FwTetmfDTT2UiZ218,https://visitbydgoszcz.pl/images/com_adsmanager/ads//media/photos/15798/xl.jpg,"„Wędrowiec” – rzeźba Michała Kubiaka w Bydgoszczy, usytuowana przy skrzyżowaniu ulic Gdańskiej, Dworcowej i Pomorskiej. Została odsłonięta w 2005 roku, w 659. rocznicę nadania miastu praw miejskich.",https://visitbydgoszcz.pl/pl/miejsca/87-rzezby-i-pomniki/594-pomnik-wedrowca
Makieta dawnej Bydgoszczy,"Mostowa, 85-110 Bydgoszcz","53.12302036988694, 18.001510293403225",https://maps.app.goo.gl/3fhjwCVPfWKUzUTe6,https://visitbydgoszcz.pl/images/com_adsmanager/ads//media/photos/198/xl.jpg,Makieta XVII-wiecznej Bydgoszczy została odsłonięta w 2010 roku z okazji kolejnej rocznicy nadania miastu praw miejskich. Znajduje się na placyku przy zabytkowych spichrzach nad Brdą. Wykonana z żywicy przez rzeźbiarza Gracjana Kaję.,"https://visitbydgoszcz.pl/pl/miejsca/87-rzezby-i-pomniki/520-makieta-dawnej-bydgoszczy

https://bydgoszcz.naszemiasto.pl/makieta-dawnej-bydgoszczy-wideo/ar/c3-2931936

https://bydgoszcz.naszemiasto.pl/makieta-dawnej-bydgoszczy-wideo/ar/c3-2931936"
Magiczne Krzesło,"Wyspa Młyńska, 85-001 Bydgoszcz","53.121858237266665, 17.99579341047477",https://maps.app.goo.gl/1VTG3e3RpHdAsL4o9,https://visitbydgoszcz.pl/images/com_adsmanager/ads//media/photos/1458/xl.jpg,"Magiczne Krzesło – eksponat z filmu „Magiczne Drzewo”, w którym Bydgoszcz pełniła rolę nadmorskiego miasteczka. W filmie krzesło z magicznego drewna spełnia życzenia. Rzeźba stoi na placu zabaw na Wyspie Młyńskiej, gdzie kręcono część zdjęć. ","https://visitbydgoszcz.pl/pl/miejsca/87-rzezby-i-pomniki/225-magiczne-krzeslo

https://www.atrakcjedzieciece.pl/attractions/magiczne-krzeslo"
Katedra Bydgoska,"Farna 2, 85-101 Bydgoszcz","53.122888455629784, 17.999095108624093",https://maps.app.goo.gl/WkRUrgyGiHKxz3Vj8,https://visitbydgoszcz.pl/images/doswiadcz/co_zobaczyc/katedra_bydgoszcz.jpg,"Katedra św. Marcina i Mikołaja w Bydgoszczy, najstarszy kościół i budynek miasta, powstała w latach 1466–1502, choć fragmenty północnej ściany są starsze.","https://visitbydgoszcz.pl/pl/odkryj/co-zobaczyc/3555-zabytki-w-bydgoszczy

https://visitbydgoszcz.pl/pl/odkryj/co-zobaczyc/1020-katedra-bydgoska


https://www.turystyka.bydgoszcz.pl/art/15/katedra-dawniej-fara-sw-marcina-i-mikolaja.html"
Spichrze nad Brdą,"Grodzka 7/11, 85-109 Bydgoszcz","53.122896235741564, 18.001706079475923",https://maps.app.goo.gl/gwqke67DozUXzhkB7,https://visitbydgoszcz.pl/images/doswiadcz/co_zobaczyc/spichrz-filip.jpg,"Bydgoskie spichrze nad Brdą to symbol miasta, ceniony mimo skromniejszej formy niż kamienice czy kościoły. Powstały w strategicznym miejscu, gdzie krzyżowały się szlaki lądowe i handlowe, w tym najważniejszy – Wisła.",https://visitbydgoszcz.pl/pl/odkryj/co-zobaczyc/1001-spichrze-nad-brda-w-bydgoszczy
Budynek Poczty Polskiej,"Jagiellońska 6, 85-001 Bydgoszcz","53.12377901266885, 18.004031550523145",https://maps.app.goo.gl/WQw3uDRfx1s6ixWX6,https://visitbydgoszcz.pl/images/doswiadcz/Co_zrobic/tramwaj_wodny_bydgoszcz.jpg,"Najstarsze wzmianki o poczcie królewskiej w Bydgoszczy pochodzą z I połowy XVIII w. W 1751 r. urząd mieścił się przy ul. Niedźwiedzia i Batorego. W czasach pruskich przeniesiono go na ul. Długą, a po 1815 r. pocztę ulokowano w budynkach wojskowych między ul. Jagiellońską a Brdą.","https://visitbydgoszcz.pl/pl/poznaj/ciekawostki/3493-pocztowa


https://tygodnikbydgoski.pl/historia/tak-projektowano-gmach-bydgoskiej-poczty"
Wieża ciśnień,"Filarecka 2, 85-160 Bydgoszcz","53.11972490154144, 17.990712391693457",https://maps.app.goo.gl/GRt7PQ8dXaxFG76Y7,https://visitbydgoszcz.pl/images/doswiadcz/co_zobaczyc/wieza_cisnien_bydgoszcz.jpg,"Wieża ciśnień, część Muzeum Wodociągów, prezentuje historię bydgoskich wodociągów i kanalizacji, eksponując dokumenty, fotografie, wyposażenie dawnych łazienek oraz fragmenty XVI-wiecznych drewnianych rur. Z tarasu roztacza się panorama Bydgoszczy.","https://visitbydgoszcz.pl/pl/miejsca/88-muzea-i-galerie/557-wieza-cisnien-muzeum-wodociago

https://visitbydgoszcz.pl/pl/odkryj/co-zrobic/2454-bydgoszcz-z-wiezy-cisnien"
Kościół pw. Wniebowzięcia Najświętszej Maryi Panny (Kościół Klarysek),"Budynek Muzeum Gdańska 4 w Bydgoszczy, Gdańska 2, 85-006 Bydgoszcz","53.12432389864617, 18.002923921983026",https://maps.app.goo.gl/uVa383T6DQJctPyz8,https://visitbydgoszcz.pl/images/odkryj/trasy_zwiedzania/kosciol-klarysek-bydgoszcz-zwiedzanie.jpg,"Kościół Klarysek, to jeden z najbardziej charakterystycznych obiektów Bydgoszczy. Jednonawowa gotycko-renesansowa świątynia została wzniesiona pomiędzy 1582 a 1618 rokiem. We wnętrzu , które pozostało klasztornie powściągliwe w doborze elementów wystrojowych na uwagę zasługuje przede wszystkim polichromowany, kasetonowy strop z XVII-XVIII wieku, obraz św. Stanisława Kostki autorstwa Leona  Wyczółkowskiego, manierystyczna alabastrowa płaskorzeźba z 1595 roku), XVII/XVIII-wieczne kraty barokowe. ","https://visitbydgoszcz.pl/pl/component/adsmanager/90-zabytkowe-koscioly/650-kosciol-pw-wniebowziecia-najsw?Itemid=715


https://www.turystyka.bydgoszcz.pl/art/37/kosciol-wniebowziecia-najswietszej-marii-panny-klarysek.html"
Bydgoski Ratusz,"Jezuicka 1, 85-102 Bydgoszcz","53.12225422794446, 17.999018739806147",https://maps.app.goo.gl/Sbk21LpriXQjR2X19,https://visitbydgoszcz.pl/images/doswiadcz/co_zobaczyc/Ratusz1.jpg,"Bydgoski Ratusz – serce miasta, razem z farą i murami obronnymi, od średniowiecza kształtował przestrzeń miasta. Obecny budynek ma blisko 400-letnią historię i początkowo był związany z kolegium jezuitów.","https://visitbydgoszcz.pl/pl/odkryj/co-zobaczyc/2547-ratusz-w-bydgoszczy

https://film.kujawsko-pomorskie.pl/bydgoski-ratusz/

https://www.turystyka.bydgoszcz.pl/art/35/ratusz-dawne-kolegium-jezuickie.html"
Kościół garnizonowy pw. NMP Królowej Pokoju,"Bernardyńska 2, 85-029 Bydgoszcz","53.119887936890485, 18.007198429962372",https://maps.app.goo.gl/ZQJKuKJA3pbSjHz38,https://visitbydgoszcz.pl/pl/component/adsmanager/90-zabytkowe-koscioly/649-kosciol-wojskowy-pw-matki-boze?Itemid=715,"Kościół garnizonowy pw. NMP Królowej Pokoju, dawniej bernardynów, to jeden z najstarszych zabytków Bydgoszczy. Powstał ok. 1500 r., po zniszczeniu drewnianego kościoła w 1545 r. odbudowano go w stylu późnogotyckim i ukończono w 1557 r.",https://visitbydgoszcz.pl/pl/component/adsmanager/90-zabytkowe-koscioly/649-kosciol-wojskowy-pw-matki-boze?Itemid=715
Ulica Długa,"ul. Długa, Bydgoszcz","53.12109695524356, 17.999320011886603",https://maps.app.goo.gl/JLuLvLBEp2Dn3W4N8,https://visitbydgoszcz.pl/images/com_adsmanager/ads//media/photos/409/xl.jpg,"Wśród kamienic z XVIII–XIX w. można poczuć dawny klimat Bydgoszczy. Warto odwiedzić Muzeum Mydła i Historii Brudu (ul. 13–17) oraz XVII-wieczną kamienicę nr 22, gdzie urodził się Maksymilian Piotrowski i zatrzymał się Jan III Sobieski. Przy Hotelu Ratuszowym pod nogami znajdują się Bydgoskie Autografy – podpisy zasłużonych dla miasta osób.","https://visitbydgoszcz.pl/pl/component/adsmanager/93-place-rynki-i-ulice/410-ulica-dluga?Itemid=715

https://zdmikp.bydgoszcz.pl/en/drogi-miejskie/6332-tramwajowa-historia-ulicy-dlugiej

"
Czerwony Spichrz,"Mennica 8, 85-112 Bydgoszcz","53.122247821401274, 17.99711725634504",https://maps.app.goo.gl/QMDWMQjN1LYCMZ3bA,https://visitbydgoszcz.pl/images/com_adsmanager/ads//media/photos/35228/xl.jpg,"W latach 1786–88 na południowo-wschodniej Wyspie Młyńskiej powstał młyn wodny (Młyn Panzera), przebudowany w 1828 r. Obecny budynek z 1861 r., młyn parowy o ośmiu liniach mielących, znany jako Czerwony Spichrz. Po 1945 r. przeszedł na własność państwa, a w 1997 r. stał się siedzibą Muzeum Okręgowego i Galerii Sztuki Nowoczesnej.","https://visitbydgoszcz.pl/pl/component/adsmanager/88-muzea-i-galerie/561-galeria-sztuki-nowoczesnej-cze?Itemid=715

https://www.turystyka.bydgoszcz.pl/art/24/spichrze.html
"
Biały Spichrz,"Mennica 2, 85-112 Bydgoszcz","53.12322483519871, 17.997738996901802",https://maps.app.goo.gl/Ly6DWb7SF4rYY7Gi8,https://visitbydgoszcz.pl/images/com_adsmanager/ads//media/photos/35226/xl.jpg,"Budynek powstał po 1789 r. jako spichrz i magazyn zbóż na Wyspie Młyńskiej, równolegle z Kanałem Bydgoskim. Po 1945 r. przeszedł na własność państwa, a od 1997 r. należy do Muzeum Okręgowego im. Leona Wyczółkowskiego. Do 2007 r. mieścił Dział Historii, a od 2009 r. zbiory archeologiczne.",https://visitbydgoszcz.pl/pl/component/adsmanager/88-muzea-i-galerie/563-bialy-spichrz-zbiory-archeolog?Itemid=715
Hala Targowa,"Podwale 7, 85-110 Bydgoszcz","53.12140150812861, 18.002350762750268",https://maps.app.goo.gl/uH86tCDwGT3RV9iQ7,https://visitbydgoszcz.pl/images/odkryj/Ciekawostki/hala.jpg,Hala Targowa w Bydgoszczy powstała w 1904 r. wg projektu berlińskiej pracowni Boswau i Knauer w stylu neogotycko-modernistycznym. Charakterystyczne jest główne wejście z wieżyczkami i herbem miasta.,"https://visitbydgoszcz.pl/images/odkryj/Ciekawostki/hala.jpg

https://expressbydgoski.pl/hala-targowa-w-bydgoszczy-historia-od-budowy-do-dzis-poznaj-ciekawostki-i-fakty/ar/c1-18258639

https://bydgoszcz.eu/hala-targowa-dla-koneserow-i-milosnikow-rozrywki/"
Bazylika Mniejsza św. Wincentego à Paulo,"Aleja Ossolińskich 2, 85-093 Bydgoszcz","53.12703615929756, 18.01731161352692",https://maps.app.goo.gl/dpSsQn8GGk2BtDGN8,https://visitbydgoszcz.pl/images/com_adsmanager/ads//media/photos/70/xl.jpg,"Bazylika Mniejsza św. Wincentego à Paulo w Bydgoszczy, wzniesiona w latach 1925–1939, jest największą świątynią miasta i jedną z największych w Polsce. Zaprojektowana przez Adama Ballenstaedta na wzór rzymskiego Panteonu, wyróżnia się żelbetonową kopułą o średnicy 40 m. Położona obok dzielnicy Sielanka, bazylika powstała jako dar dziękczynny za powrót Pomorza do Polski. Warto zwrócić uwagę na frontowe „Drzwi błogosławieństw” i wnętrze konsultowane z architektem Wiktorem Zinem.",https://visitbydgoszcz.pl/pl/component/adsmanager/90-zabytkowe-koscioly/656-bazylika-mniejsza-sw-wincenteg?Itemid=715